Sl no.,District Name,Market Name,Commodity,Variety,Grade,Min Price (Rs./Quintal),Max Price (Rs./Quintal),Modal Price (Rs./Quintal),Price Date
1,Ambedkarnagar,Akbarpur,Masur Dal,Masoor Gola,FAQ,7700,7800,7750,09-Jan-25
2,Ambedkarnagar,Akbarpur,Masur Dal,Masoor Gola,FAQ,7700,7900,7800,13-Jan-25
3,Ambedkarnagar,Akbarpur,Masur Dal,Masoor Gola,FAQ,7780,7900,7820,04-Jan-25
4,Ambedkarnagar,Akbarpur,Masur Dal,Masoor Gola,FAQ,7800,7950,7850,08-Jan-25
5,Ambedkarnagar,Akbarpur,Masur Dal,Masur Dal,FAQ,7650,7800,7740,01-Feb-25
6,Ambedkarnagar,Akbarpur,Masur Dal,Masur Dal,FAQ,7700,7850,7760,28-Jan-25
7,Prayagraj,Allahabad,Masur Dal,Masur Dal,FAQ,7880,8000,7900,31-Jan-25
8,Prayagraj,Allahabad,Masur Dal,Masur Dal,FAQ,8000,8100,8050,24-Jan-25
9,Paschim Bardhaman,Asansol,Masur Dal,Masur Dal,FAQ,9550,9750,9600,31-Jan-25
10,Paschim Bardhaman,Asansol,Masur Dal,Masur Dal,FAQ,10500,10800,10600,01-Feb-25
11,Azamgarh,Azamgarh,Masur Dal,Masur Dal,FAQ,8050,8150,8100,09-Jan-25
12,Azamgarh,Azamgarh,Masur Dal,Masur Dal,FAQ,8050,8150,8100,10-Jan-25
13,Azamgarh,Azamgarh,Masur Dal,Masur Dal,FAQ,8050,8150,8100,15-Jan-25
14,Azamgarh,Azamgarh,Masur Dal,Masur Dal,FAQ,8050,8160,8110,13-Jan-25
15,Azamgarh,Azamgarh,Masur Dal,Masur Dal,FAQ,8065,8165,8115,20-Jan-25
16,Azamgarh,Azamgarh,Masur Dal,Masur Dal,FAQ,8075,8175,8125,07-Jan-25
17,Azamgarh,Azamgarh,Masur Dal,Masur Dal,FAQ,8075,8175,8125,08-Jan-25
18,Azamgarh,Azamgarh,Masur Dal,Masur Dal,FAQ,8075,8175,8125,17-Jan-25
19,Azamgarh,Azamgarh,Masur Dal,Masur Dal,FAQ,8075,8175,8125,30-Jan-25
20,Azamgarh,Azamgarh,Masur Dal,Masur Dal,FAQ,8100,8200,8140,04-Jan-25
21,Azamgarh,Azamgarh,Masur Dal,Masur Dal,FAQ,8100,8200,8150,21-Jan-25
22,Azamgarh,Azamgarh,Masur Dal,Masur Dal,FAQ,8100,8200,8150,22-Jan-25
23,Azamgarh,Azamgarh,Masur Dal,Masur Dal,FAQ,8115,8215,8165,23-Jan-25
24,Azamgarh,Azamgarh,Masur Dal,Masur Dal,FAQ,8115,8215,8165,24-Jan-25
25,Azamgarh,Azamgarh,Masur Dal,Masur Dal,FAQ,8125,8225,8175,28-Jan-25
26,Bahraich,Bahraich,Masur Dal,Masur Dal,FAQ,7950,8150,8050,25-Jan-25
27,Bahraich,Bahraich,Masur Dal,Masur Dal,FAQ,7950,8150,8050,28-Jan-25
28,Bahraich,Bahraich,Masur Dal,Masur Dal,FAQ,8000,8150,8075,01-Feb-25
29,Bahraich,Bahraich,Masur Dal,Masur Dal,FAQ,8000,8150,8075,27-Jan-25
30,Bahraich,Bahraich,Masur Dal,Masur Dal,FAQ,8000,8150,8075,30-Jan-25
31,Bahraich,Bahraich,Masur Dal,Masur Dal,FAQ,8000,8200,8100,10-Jan-25
32,Bahraich,Bahraich,Masur Dal,Masur Dal,FAQ,8000,8200,8100,11-Jan-25
33,Bahraich,Bahraich,Masur Dal,Masur Dal,FAQ,8000,8200,8100,13-Jan-25
34,Bahraich,Bahraich,Masur Dal,Masur Dal,FAQ,8000,8200,8100,15-Jan-25
35,Bahraich,Bahraich,Masur Dal,Masur Dal,FAQ,8000,8200,8100,18-Jan-25
36,Bahraich,Bahraich,Masur Dal,Masur Dal,FAQ,8000,8200,8100,31-Jan-25
37,Bahraich,Bahraich,Masur Dal,Masur Dal,FAQ,8000,8235,8125,17-Jan-25
38,Bahraich,Bahraich,Masur Dal,Masur Dal,FAQ,8050,8200,8120,14-Jan-25
39,Bahraich,Bahraich,Masur Dal,Masur Dal,FAQ,8050,8200,8120,20-Jan-25
40,Bahraich,Bahraich,Masur Dal,Masur Dal,FAQ,8050,8200,8125,21-Jan-25
41,Bahraich,Bahraich,Masur Dal,Masur Dal,FAQ,8050,8250,8140,23-Jan-25
42,Bahraich,Bahraich,Masur Dal,Masur Dal,FAQ,8050,8300,8120,16-Jan-25
43,Bahraich,Bahraich,Masur Dal,Masur Dal,FAQ,8050,8425,8135,22-Jan-25
44,Bahraich,Bahraich,Masur Dal,Masur Dal,FAQ,8100,8200,8150,24-Jan-25
45,Bahraich,Bahraich,Masur Dal,Masur Dal,FAQ,8100,8300,8200,08-Jan-25
46,Bahraich,Bahraich,Masur Dal,Masur Dal,FAQ,8100,8300,8200,09-Jan-25
47,Bahraich,Bahraich,Masur Dal,Masur Dal,FAQ,8150,8350,8250,03-Jan-25
48,Bahraich,Bahraich,Masur Dal,Masur Dal,FAQ,8150,8350,8260,06-Jan-25
49,Bahraich,Bahraich,Masur Dal,Masur Dal,FAQ,8150,8350,8260,07-Jan-25
50,Bahraich,Bahraich,Masur Dal,Masur Dal,FAQ,8150,8350,8265,04-Jan-25
51,Bankura,Bankura Sadar,Masur Dal,Masur Dal,FAQ,8200,9600,9500,02-Jan-25
52,Bankura,Bankura Sadar,Masur Dal,Masur Dal,FAQ,8200,9600,9500,03-Jan-25
53,Bankura,Bankura Sadar,Masur Dal,Masur Dal,FAQ,8200,9600,9500,06-Jan-25
54,Bankura,Bankura Sadar,Masur Dal,Masur Dal,FAQ,8200,9600,9500,07-Jan-25
55,Bankura,Bankura Sadar,Masur Dal,Masur Dal,FAQ,8200,9700,9600,08-Jan-25
56,Bankura,Bankura Sadar,Masur Dal,Masur Dal,FAQ,8200,9700,9600,13-Jan-25
57,Bankura,Bankura Sadar,Masur Dal,Masur Dal,FAQ,8200,9700,9600,15-Jan-25
58,Bankura,Bankura Sadar,Masur Dal,Masur Dal,FAQ,8200,9700,9600,16-Jan-25
59,Bankura,Bankura Sadar,Masur Dal,Masur Dal,FAQ,8200,9700,9600,17-Jan-25
60,Bankura,Bankura Sadar,Masur Dal,Masur Dal,FAQ,8200,9700,9600,20-Jan-25
61,Bankura,Bankura Sadar,Masur Dal,Masur Dal,FAQ,8200,9700,9600,21-Jan-25
62,Bankura,Bankura Sadar,Masur Dal,Masur Dal,FAQ,8200,9700,9600,22-Jan-25
63,Bankura,Bankura Sadar,Masur Dal,Masur Dal,FAQ,8200,9700,9600,23-Jan-25
64,Bankura,Bankura Sadar,Masur Dal,Masur Dal,FAQ,8200,9700,9600,24-Jan-25
65,Bankura,Bankura Sadar,Masur Dal,Masur Dal,FAQ,8200,9700,9600,27-Jan-25
66,Bankura,Bankura Sadar,Masur Dal,Masur Dal,FAQ,8200,9700,9600,28-Jan-25
67,Bankura,Bankura Sadar,Masur Dal,Masur Dal,FAQ,8200,9800,9700,29-Jan-25
68,Bankura,Bankura Sadar,Masur Dal,Masur Dal,FAQ,8200,9800,9700,30-Jan-25
69,Bankura,Bankura Sadar,Masur Dal,Masur Dal,FAQ,8200,9800,9700,31-Jan-25
70,Bankura,Bankura Sadar,Masur Dal,Masur Dal,FAQ,8600,9700,9600,09-Jan-25
71,Bankura,Bankura Sadar,Masur Dal,Masur Dal,FAQ,8600,9700,9600,10-Jan-25
72,Baghpat,Baraut,Masur Dal,Masur Dal,FAQ,8000,8200,8100,01-Feb-25
73,Baghpat,Baraut,Masur Dal,Masur Dal,FAQ,8000,8200,8100,27-Jan-25
74,Baghpat,Baraut,Masur Dal,Masur Dal,FAQ,8000,8200,8100,28-Jan-25
75,Baghpat,Baraut,Masur Dal,Masur Dal,FAQ,8000,8200,8100,31-Jan-25
76,Baghpat,Baraut,Masur Dal,Masur Dal,FAQ,8000,8250,8100,30-Jan-25
77,Baghpat,Baraut,Masur Dal,Masur Dal,FAQ,8050,8250,8150,10-Jan-25
78,Baghpat,Baraut,Masur Dal,Masur Dal,FAQ,8050,8250,8150,11-Jan-25
79,Baghpat,Baraut,Masur Dal,Masur Dal,FAQ,8050,8250,8150,29-Jan-25
80,Baghpat,Baraut,Masur Dal,Masur Dal,FAQ,8050,8300,8150,09-Jan-25
81,Baghpat,Baraut,Masur Dal,Masur Dal,FAQ,8100,8300,8200,07-Jan-25
82,Baghpat,Baraut,Masur Dal,Masur Dal,FAQ,8100,8300,8200,08-Jan-25
83,Baghpat,Baraut,Masur Dal,Masur Dal,FAQ,8100,8300,8200,16-Jan-25
84,Baghpat,Baraut,Masur Dal,Masur Dal,FAQ,8100,8300,8200,17-Jan-25
85,Baghpat,Baraut,Masur Dal,Masur Dal,FAQ,8100,8300,8200,18-Jan-25
86,Baghpat,Baraut,Masur Dal,Masur Dal,FAQ,8100,8300,8200,20-Jan-25
87,Baghpat,Baraut,Masur Dal,Masur Dal,FAQ,8100,8350,8225,21-Jan-25
88,Baghpat,Baraut,Masur Dal,Masur Dal,FAQ,8100,8350,8225,22-Jan-25
89,Baghpat,Baraut,Masur Dal,Masur Dal,FAQ,8100,8350,8225,23-Jan-25
90,Baghpat,Baraut,Masur Dal,Masur Dal,FAQ,8100,8350,8225,25-Jan-25
91,Baghpat,Baraut,Masur Dal,Masur Dal,FAQ,8100,8400,8250,06-Jan-25
92,Baghpat,Baraut,Masur Dal,Masur Dal,FAQ,8125,8350,8225,24-Jan-25
93,Baghpat,Baraut,Masur Dal,Masur Dal,FAQ,8150,8350,8245,13-Jan-25
94,Baghpat,Baraut,Masur Dal,Masur Dal,FAQ,8150,8350,8245,15-Jan-25
95,Baghpat,Baraut,Masur Dal,Masur Dal,FAQ,8150,8350,8250,02-Jan-25
96,Baghpat,Baraut,Masur Dal,Masur Dal,FAQ,8150,8350,8250,03-Jan-25
97,Baghpat,Baraut,Masur Dal,Masur Dal,FAQ,8150,8350,8250,04-Jan-25
98,Baghpat,Baraut,Masur Dal,Masur Dal,FAQ,8150,8400,8245,14-Jan-25
99,Baghpat,Baraut,Masur Dal,Masur Dal,FAQ,8150,8400,8250,01-Jan-25
100,Basti,Basti,Masur Dal,Masur Dal,FAQ,8060,8160,8110,17-Jan-25
101,Basti,Basti,Masur Dal,Masur Dal,FAQ,8060,8170,8115,31-Jan-25
102,Basti,Basti,Masur Dal,Masur Dal,FAQ,8075,8175,8125,03-Jan-25
103,Basti,Basti,Masur Dal,Masur Dal,FAQ,8075,8175,8125,24-Jan-25
104,Basti,Basti,Masur Dal,Masur Dal,FAQ,8110,8210,8160,10-Jan-25
105,Balodabazar,Bhatapara,Masur Dal,Masoor Gola,Local,4200,4650,4501,01-Jan-25
106,Balodabazar,Bhatapara,Masur Dal,Masoor Gola,Local,5001,5001,5001,17-Jan-25
107,Balodabazar,Bhatapara,Masur Dal,Masoor Gola,Local,5251,5251,5251,11-Jan-25
108,Balodabazar,Bhatapara,Masur Dal,Masoor Gola,Local,5586,5586,5586,06-Jan-25
109,Balodabazar,Bhatapara,Masur Dal,Masoor Gola,Local,5600,5600,5600,10-Jan-25
110,Bishnupur,Bishenpur,Masur Dal,Masur Dal,FAQ,9500,10000,9750,02-Jan-25
111,Bishnupur,Bishenpur,Masur Dal,Masur Dal,FAQ,9500,10000,9750,03-Jan-25
112,Bishnupur,Bishenpur,Masur Dal,Masur Dal,FAQ,9500,10000,9750,06-Jan-25
113,Bishnupur,Bishenpur,Masur Dal,Masur Dal,FAQ,9500,10000,9750,07-Jan-25
114,Bishnupur,Bishenpur,Masur Dal,Masur Dal,FAQ,9500,10000,9750,08-Jan-25
115,Bishnupur,Bishenpur,Masur Dal,Masur Dal,FAQ,9500,10000,9750,10-Jan-25
116,Bishnupur,Bishenpur,Masur Dal,Masur Dal,FAQ,9500,10000,9750,13-Jan-25
117,Bishnupur,Bishenpur,Masur Dal,Masur Dal,FAQ,9500,10000,9750,14-Jan-25
118,Bishnupur,Bishenpur,Masur Dal,Masur Dal,FAQ,9500,10000,9750,15-Jan-25
119,Bishnupur,Bishenpur,Masur Dal,Masur Dal,FAQ,9500,10000,9750,16-Jan-25
120,Bishnupur,Bishenpur,Masur Dal,Masur Dal,FAQ,9500,10000,9750,17-Jan-25
121,Bishnupur,Bishenpur,Masur Dal,Masur Dal,FAQ,9500,10000,9750,21-Jan-25
122,Bishnupur,Bishenpur,Masur Dal,Masur Dal,FAQ,9500,10000,9750,22-Jan-25
123,Bishnupur,Bishenpur,Masur Dal,Masur Dal,FAQ,9500,10000,9750,23-Jan-25
124,Bishnupur,Bishenpur,Masur Dal,Masur Dal,FAQ,9500,10000,9750,24-Jan-25
125,Bishnupur,Bishenpur,Masur Dal,Masur Dal,FAQ,9500,10000,9750,27-Jan-25
126,Bishnupur,Bishenpur,Masur Dal,Masur Dal,FAQ,9500,10000,9750,28-Jan-25
127,Bishnupur,Bishenpur,Masur Dal,Masur Dal,FAQ,9500,10000,9750,29-Jan-25
128,Bishnupur,Bishenpur,Masur Dal,Masur Dal,FAQ,9500,10000,9750,31-Jan-25
129,Nadia,Chakdah,Masur Dal,Masur Dal,FAQ,9900,10100,10000,01-Jan-25
130,Nadia,Chakdah,Masur Dal,Masur Dal,FAQ,9900,10100,10000,02-Jan-25
131,Nadia,Chakdah,Masur Dal,Masur Dal,FAQ,9900,10100,10000,04-Jan-25
132,Nadia,Chakdah,Masur Dal,Masur Dal,FAQ,9900,10100,10000,05-Jan-25
133,Nadia,Chakdah,Masur Dal,Masur Dal,FAQ,9900,10100,10000,06-Jan-25
134,Nadia,Chakdah,Masur Dal,Masur Dal,FAQ,9900,10100,10000,07-Jan-25
135,Nadia,Chakdah,Masur Dal,Masur Dal,FAQ,9900,10100,10000,08-Jan-25
136,Nadia,Chakdah,Masur Dal,Masur Dal,FAQ,9900,10100,10000,09-Jan-25
137,Nadia,Chakdah,Masur Dal,Masur Dal,FAQ,9900,10100,10000,11-Jan-25
138,Nadia,Chakdah,Masur Dal,Masur Dal,FAQ,9900,10100,10000,12-Jan-25
139,Nadia,Chakdah,Masur Dal,Masur Dal,FAQ,9900,10100,10000,13-Jan-25
140,Nadia,Chakdah,Masur Dal,Masur Dal,FAQ,9900,10100,10000,14-Jan-25
141,Nadia,Chakdah,Masur Dal,Masur Dal,FAQ,9900,10100,10000,15-Jan-25
142,Nadia,Chakdah,Masur Dal,Masur Dal,FAQ,9900,10100,10000,16-Jan-25
143,Nadia,Chakdah,Masur Dal,Masur Dal,FAQ,9900,10100,10000,18-Jan-25
144,Nadia,Chakdah,Masur Dal,Masur Dal,FAQ,9900,10100,10000,19-Jan-25
145,Nadia,Chakdah,Masur Dal,Masur Dal,FAQ,9900,10100,10000,20-Jan-25
146,Nadia,Chakdah,Masur Dal,Masur Dal,FAQ,9900,10100,10000,21-Jan-25
147,Nadia,Chakdah,Masur Dal,Masur Dal,FAQ,9900,10100,10000,22-Jan-25
148,Nadia,Chakdah,Masur Dal,Masur Dal,FAQ,9900,10100,10000,23-Jan-25
149,Nadia,Chakdah,Masur Dal,Masur Dal,FAQ,9900,10100,10000,25-Jan-25
150,Nadia,Chakdah,Masur Dal,Masur Dal,FAQ,9900,10100,10000,26-Jan-25
151,Nadia,Chakdah,Masur Dal,Masur Dal,FAQ,9900,10100,10000,27-Jan-25
152,Nadia,Chakdah,Masur Dal,Masur Dal,FAQ,9900,10100,10000,28-Jan-25
153,Nadia,Chakdah,Masur Dal,Masur Dal,FAQ,9900,10100,10000,29-Jan-25
154,Nadia,Chakdah,Masur Dal,Masur Dal,FAQ,9900,10100,10000,30-Jan-25
155,Gautam Budh Nagar,Dadri,Masur Dal,Masur Dal,FAQ,7900,8330,8100,01-Feb-25
156,Gautam Budh Nagar,Dadri,Masur Dal,Masur Dal,FAQ,8065,8400,8200,25-Jan-25
157,Gautam Budh Nagar,Dadri,Masur Dal,Masur Dal,FAQ,8100,8355,8200,23-Jan-25
158,Gautam Budh Nagar,Dadri,Masur Dal,Masur Dal,FAQ,8100,8355,8215,21-Jan-25
159,Gautam Budh Nagar,Dadri,Masur Dal,Masur Dal,FAQ,8100,8400,8260,24-Jan-25
160,Gautam Budh Nagar,Dankaur,Masur Dal,Masur Dal,FAQ,7900,8155,8055,31-Jan-25
161,Gautam Budh Nagar,Dankaur,Masur Dal,Masur Dal,FAQ,8000,8300,8100,01-Jan-25
162,Gautam Budh Nagar,Dankaur,Masur Dal,Masur Dal,FAQ,8000,8300,8100,05-Jan-25
163,Gautam Budh Nagar,Dankaur,Masur Dal,Masur Dal,FAQ,8000,8330,8145,28-Jan-25
164,Gautam Budh Nagar,Dankaur,Masur Dal,Masur Dal,FAQ,8000,8330,8170,04-Jan-25
165,Gautam Budh Nagar,Dankaur,Masur Dal,Masur Dal,FAQ,8100,8355,8200,06-Jan-25
166,Gautam Budh Nagar,Dankaur,Masur Dal,Masur Dal,FAQ,8100,8355,8240,07-Jan-25
167,Gautam Budh Nagar,Dankaur,Masur Dal,Masur Dal,FAQ,8120,8261,8233,03-Jan-25
168,Mau(Maunathbhanjan),Doharighat,Masur Dal,Kala Masoor New,FAQ,9000,9100,9045,09-Jan-25
169,Mau(Maunathbhanjan),Doharighat,Masur Dal,Kala Masoor New,FAQ,9000,9100,9045,15-Jan-25
170,Mau(Maunathbhanjan),Doharighat,Masur Dal,Kala Masoor New,FAQ,9000,9100,9045,16-Jan-25
171,Mau(Maunathbhanjan),Doharighat,Masur Dal,Kala Masoor New,FAQ,9000,9100,9050,07-Jan-25
172,Mau(Maunathbhanjan),Doharighat,Masur Dal,Kala Masoor New,FAQ,9000,9100,9050,22-Jan-25
173,Mau(Maunathbhanjan),Doharighat,Masur Dal,Kala Masoor New,FAQ,9000,9100,9055,01-Feb-25
174,Mau(Maunathbhanjan),Doharighat,Masur Dal,Kala Masoor New,FAQ,9000,9100,9055,10-Jan-25
175,Mau(Maunathbhanjan),Doharighat,Masur Dal,Kala Masoor New,FAQ,9000,9100,9055,17-Jan-25
176,Mau(Maunathbhanjan),Doharighat,Masur Dal,Kala Masoor New,FAQ,9000,9100,9055,20-Jan-25
177,Mau(Maunathbhanjan),Doharighat,Masur Dal,Kala Masoor New,FAQ,9000,9100,9055,21-Jan-25
178,Mau(Maunathbhanjan),Doharighat,Masur Dal,Kala Masoor New,FAQ,9000,9100,9055,25-Jan-25
179,Mau(Maunathbhanjan),Doharighat,Masur Dal,Kala Masoor New,FAQ,9000,9100,9055,29-Jan-25
180,Mau(Maunathbhanjan),Doharighat,Masur Dal,Kala Masoor New,FAQ,9000,9100,9055,30-Jan-25
181,Mau(Maunathbhanjan),Doharighat,Masur Dal,Kala Masoor New,FAQ,9000,9100,9055,31-Jan-25
182,Mau(Maunathbhanjan),Doharighat,Masur Dal,Kala Masoor New,FAQ,9000,9100,9060,01-Jan-25
183,Mau(Maunathbhanjan),Doharighat,Masur Dal,Kala Masoor New,FAQ,9000,9100,9060,02-Jan-25
184,Mau(Maunathbhanjan),Doharighat,Masur Dal,Kala Masoor New,FAQ,9000,9100,9060,03-Jan-25
185,Mau(Maunathbhanjan),Doharighat,Masur Dal,Kala Masoor New,FAQ,9000,9100,9060,04-Jan-25
186,Mau(Maunathbhanjan),Doharighat,Masur Dal,Kala Masoor New,FAQ,9000,9100,9060,13-Jan-25
187,Mau(Maunathbhanjan),Doharighat,Masur Dal,Kala Masoor New,FAQ,9000,9100,9060,23-Jan-25
188,Mau(Maunathbhanjan),Doharighat,Masur Dal,Kala Masoor New,FAQ,9000,9100,9060,24-Jan-25
189,Mau(Maunathbhanjan),Doharighat,Masur Dal,Kala Masoor New,FAQ,9000,9100,9060,27-Jan-25
190,Mau(Maunathbhanjan),Doharighat,Masur Dal,Kala Masoor New,FAQ,9000,9100,9065,08-Jan-25
191,Mau(Maunathbhanjan),Doharighat,Masur Dal,Kala Masoor New,FAQ,9000,9100,9065,18-Jan-25
192,Mau(Maunathbhanjan),Doharighat,Masur Dal,Kala Masoor New,FAQ,9000,9100,9065,28-Jan-25
193,Paschim Bardhaman,Durgapur,Masur Dal,Masur Dal,FAQ,9650,9800,9700,31-Jan-25
194,Paschim Bardhaman,Durgapur,Masur Dal,Masur Dal,FAQ,10600,10800,10700,01-Feb-25
195,Medinipur(W),Garbeta(Medinipur),Masur Dal,Masur Dal,FAQ,10500,11500,11000,01-Jan-25
196,Medinipur(W),Garbeta(Medinipur),Masur Dal,Masur Dal,FAQ,10500,11500,11000,02-Jan-25
197,Medinipur(W),Garbeta(Medinipur),Masur Dal,Masur Dal,FAQ,10500,11500,11000,03-Jan-25
198,Medinipur(W),Garbeta(Medinipur),Masur Dal,Masur Dal,FAQ,10500,11500,11000,04-Jan-25
199,Medinipur(W),Garbeta(Medinipur),Masur Dal,Masur Dal,FAQ,10500,11500,11000,05-Jan-25
200,Medinipur(W),Garbeta(Medinipur),Masur Dal,Masur Dal,FAQ,10500,11500,11000,06-Jan-25
201,Medinipur(W),Garbeta(Medinipur),Masur Dal,Masur Dal,FAQ,10500,11500,11000,07-Jan-25
202,Medinipur(W),Garbeta(Medinipur),Masur Dal,Masur Dal,FAQ,10500,11500,11000,08-Jan-25
203,Medinipur(W),Garbeta(Medinipur),Masur Dal,Masur Dal,FAQ,10500,11500,11000,09-Jan-25
204,Medinipur(W),Garbeta(Medinipur),Masur Dal,Masur Dal,FAQ,10500,11500,11000,10-Jan-25
205,Medinipur(W),Garbeta(Medinipur),Masur Dal,Masur Dal,FAQ,10500,11500,11000,11-Jan-25
206,Medinipur(W),Garbeta(Medinipur),Masur Dal,Masur Dal,FAQ,10500,11500,11000,12-Jan-25
207,Medinipur(W),Garbeta(Medinipur),Masur Dal,Masur Dal,FAQ,10500,11500,11000,13-Jan-25
208,Medinipur(W),Garbeta(Medinipur),Masur Dal,Masur Dal,FAQ,10500,11500,11000,14-Jan-25
209,Medinipur(W),Garbeta(Medinipur),Masur Dal,Masur Dal,FAQ,10500,11500,11000,15-Jan-25
210,Medinipur(W),Garbeta(Medinipur),Masur Dal,Masur Dal,FAQ,10500,11500,11000,16-Jan-25
211,Medinipur(W),Garbeta(Medinipur),Masur Dal,Masur Dal,FAQ,10500,11500,11000,18-Jan-25
212,Medinipur(W),Garbeta(Medinipur),Masur Dal,Masur Dal,FAQ,10500,11500,11000,19-Jan-25
213,Medinipur(W),Garbeta(Medinipur),Masur Dal,Masur Dal,FAQ,10500,11500,11000,20-Jan-25
214,Medinipur(W),Garbeta(Medinipur),Masur Dal,Masur Dal,FAQ,10500,11500,11000,21-Jan-25
215,Medinipur(W),Garbeta(Medinipur),Masur Dal,Masur Dal,FAQ,10500,11500,11000,22-Jan-25
216,Medinipur(W),Garbeta(Medinipur),Masur Dal,Masur Dal,FAQ,10500,11500,11000,25-Jan-25
217,Medinipur(W),Garbeta(Medinipur),Masur Dal,Masur Dal,FAQ,10500,11500,11000,26-Jan-25
218,Medinipur(W),Garbeta(Medinipur),Masur Dal,Masur Dal,FAQ,10500,11500,11000,27-Jan-25
219,Medinipur(W),Garbeta(Medinipur),Masur Dal,Masur Dal,FAQ,10500,11500,11000,28-Jan-25
220,Ghazipur,Gazipur,Masur Dal,Masur Dal,FAQ,8050,8110,8080,01-Feb-25
221,Ghazipur,Gazipur,Masur Dal,Masur Dal,FAQ,8050,8110,8080,30-Jan-25
222,Ghazipur,Gazipur,Masur Dal,Masur Dal,FAQ,8050,8110,8080,31-Jan-25
223,Ghazipur,Gazipur,Masur Dal,Masur Dal,FAQ,8070,8120,8100,15-Jan-25
224,Ghazipur,Gazipur,Masur Dal,Masur Dal,FAQ,8070,8130,8100,10-Jan-25
225,Ghazipur,Gazipur,Masur Dal,Masur Dal,FAQ,8070,8130,8100,13-Jan-25
226,Ghazipur,Gazipur,Masur Dal,Masur Dal,FAQ,8070,8150,8120,03-Jan-25
227,Ghazipur,Gazipur,Masur Dal,Masur Dal,FAQ,8080,8120,8100,11-Jan-25
228,Ghazipur,Gazipur,Masur Dal,Masur Dal,FAQ,8080,8120,8100,16-Jan-25
229,Ghazipur,Gazipur,Masur Dal,Masur Dal,FAQ,8100,8140,8120,06-Jan-25
230,Ghazipur,Gazipur,Masur Dal,Masur Dal,FAQ,8100,8140,8120,17-Jan-25
231,Ghazipur,Gazipur,Masur Dal,Masur Dal,FAQ,8100,8140,8120,18-Jan-25
232,Ghazipur,Gazipur,Masur Dal,Masur Dal,FAQ,8100,8150,8120,04-Jan-25
233,Ghazipur,Gazipur,Masur Dal,Masur Dal,FAQ,8100,8150,8120,07-Jan-25
234,Ghazipur,Gazipur,Masur Dal,Masur Dal,FAQ,8100,8150,8130,02-Jan-25
235,Ghazipur,Gazipur,Masur Dal,Masur Dal,FAQ,8100,8160,8130,08-Jan-25
236,Ghazipur,Gazipur,Masur Dal,Masur Dal,FAQ,8110,8150,8130,09-Jan-25
237,Ghazipur,Gazipur,Masur Dal,Masur Dal,FAQ,8120,8170,8150,22-Jan-25
238,Ghazipur,Gazipur,Masur Dal,Masur Dal,FAQ,8120,8180,8150,20-Jan-25
239,Ghazipur,Gazipur,Masur Dal,Masur Dal,FAQ,8120,8180,8150,23-Jan-25
240,Ghazipur,Gazipur,Masur Dal,Masur Dal,FAQ,8120,8200,8170,24-Jan-25
241,Ghazipur,Gazipur,Masur Dal,Masur Dal,FAQ,8130,8170,8150,21-Jan-25
242,Ghazipur,Gazipur,Masur Dal,Masur Dal,FAQ,8130,8190,8160,29-Jan-25
243,Ghazipur,Gazipur,Masur Dal,Masur Dal,FAQ,8140,8180,8160,28-Jan-25
244,Ghazipur,Gazipur,Masur Dal,Masur Dal,FAQ,8150,8190,8170,27-Jan-25
245,Ghazipur,Gazipur,Masur Dal,Masur Dal,FAQ,8150,8200,8170,25-Jan-25
246,Gonda,Gonda,Masur Dal,Kala Masoor New,FAQ,7900,8050,7950,21-Jan-25
247,Gonda,Gonda,Masur Dal,Kala Masoor New,FAQ,7900,8050,7950,22-Jan-25
248,Gonda,Gonda,Masur Dal,Kala Masoor New,FAQ,7925,8050,7950,16-Jan-25
249,Gonda,Gonda,Masur Dal,Kala Masoor New,FAQ,7925,8050,7950,28-Jan-25
250,Gonda,Gonda,Masur Dal,Kala Masoor New,FAQ,7925,8050,7950,29-Jan-25
251,Gonda,Gonda,Masur Dal,Kala Masoor New,FAQ,7950,8050,8000,01-Feb-25
252,Gonda,Gonda,Masur Dal,Kala Masoor New,FAQ,7950,8050,8000,31-Jan-25
253,Gonda,Gonda,Masur Dal,Kala Masoor New,FAQ,7950,8100,8000,04-Jan-25
254,Gonda,Gonda,Masur Dal,Kala Masoor New,FAQ,7950,8100,8000,18-Jan-25
255,Gonda,Gonda,Masur Dal,Kala Masoor New,FAQ,7950,8100,8000,19-Jan-25
256,Gonda,Gonda,Masur Dal,Kala Masoor New,FAQ,7950,8100,8000,20-Jan-25
257,Gonda,Gonda,Masur Dal,Kala Masoor New,FAQ,7950,8100,8000,23-Jan-25
258,Gonda,Gonda,Masur Dal,Kala Masoor New,FAQ,7950,8100,8000,24-Jan-25
259,Gonda,Gonda,Masur Dal,Kala Masoor New,FAQ,7950,8100,8000,25-Jan-25
260,Gonda,Gonda,Masur Dal,Kala Masoor New,FAQ,7950,8100,8000,30-Jan-25
261,Gonda,Gonda,Masur Dal,Kala Masoor New,FAQ,7970,8100,8000,13-Jan-25
262,Gonda,Gonda,Masur Dal,Kala Masoor New,FAQ,7970,8100,8000,14-Jan-25
263,Gonda,Gonda,Masur Dal,Kala Masoor New,FAQ,7970,8100,8000,15-Jan-25
264,Gonda,Gonda,Masur Dal,Kala Masoor New,FAQ,7975,8100,8000,01-Jan-25
265,Gonda,Gonda,Masur Dal,Kala Masoor New,FAQ,7975,8100,8000,02-Jan-25
266,Gonda,Gonda,Masur Dal,Kala Masoor New,FAQ,7975,8100,8000,03-Jan-25
267,Gonda,Gonda,Masur Dal,Kala Masoor New,FAQ,7975,8100,8000,07-Jan-25
268,Gonda,Gonda,Masur Dal,Kala Masoor New,FAQ,7975,8100,8000,08-Jan-25
269,Gonda,Gonda,Masur Dal,Kala Masoor New,FAQ,7975,8100,8000,11-Jan-25
270,Gonda,Gonda,Masur Dal,Kala Masoor New,FAQ,7975,8100,8000,12-Jan-25
271,Gonda,Gonda,Masur Dal,Kala Masoor New,FAQ,8000,8100,8025,05-Jan-25
272,Gonda,Gonda,Masur Dal,Kala Masoor New,FAQ,8000,8100,8025,06-Jan-25
273,Gonda,Gonda,Masur Dal,Kala Masoor New,FAQ,8000,8100,8030,26-Jan-25
274,Gonda,Gonda,Masur Dal,Kala Masoor New,FAQ,8000,8100,8030,27-Jan-25
275,Gonda,Gonda,Masur Dal,Kala Masoor New,FAQ,8000,8100,8050,09-Jan-25
276,Gonda,Gonda,Masur Dal,Kala Masoor New,FAQ,8000,8100,8050,10-Jan-25
277,Bhadohi(Sant Ravi Nagar),Gopiganj,Masur Dal,Masur Dal,FAQ,8060,8160,8110,01-Feb-25
278,Bhadohi(Sant Ravi Nagar),Gopiganj,Masur Dal,Masur Dal,FAQ,8060,8160,8110,17-Jan-25
279,Bhadohi(Sant Ravi Nagar),Gopiganj,Masur Dal,Masur Dal,FAQ,8060,8160,8110,18-Jan-25
280,Bhadohi(Sant Ravi Nagar),Gopiganj,Masur Dal,Masur Dal,FAQ,8060,8160,8110,20-Jan-25
281,Bhadohi(Sant Ravi Nagar),Gopiganj,Masur Dal,Masur Dal,FAQ,8060,8160,8110,22-Jan-25
282,Bhadohi(Sant Ravi Nagar),Gopiganj,Masur Dal,Masur Dal,FAQ,8100,8200,8150,23-Jan-25
283,Bhadohi(Sant Ravi Nagar),Gopiganj,Masur Dal,Masur Dal,FAQ,8100,8200,8150,24-Jan-25
284,Bhadohi(Sant Ravi Nagar),Gopiganj,Masur Dal,Masur Dal,FAQ,8100,8200,8150,25-Jan-25
285,Bhadohi(Sant Ravi Nagar),Gopiganj,Masur Dal,Masur Dal,FAQ,8110,8210,8160,27-Jan-25
286,Bhadohi(Sant Ravi Nagar),Gopiganj,Masur Dal,Masur Dal,FAQ,8110,8210,8160,28-Jan-25
287,Bhadohi(Sant Ravi Nagar),Gopiganj,Masur Dal,Masur Dal,FAQ,8110,8210,8160,29-Jan-25
288,Bhadohi(Sant Ravi Nagar),Gopiganj,Masur Dal,Masur Dal,FAQ,8110,8210,8160,30-Jan-25
289,Bhadohi(Sant Ravi Nagar),Gopiganj,Masur Dal,Masur Dal,FAQ,8110,8210,8160,31-Jan-25
290,Hathras,Haathras,Masur Dal,Masur Dal,FAQ,7750,7850,7800,01-Feb-25
291,Hathras,Haathras,Masur Dal,Masur Dal,FAQ,7750,7850,7800,29-Jan-25
292,Hathras,Haathras,Masur Dal,Masur Dal,FAQ,7750,7850,7800,30-Jan-25
293,Hathras,Haathras,Masur Dal,Masur Dal,FAQ,7800,7900,7850,31-Jan-25
294,Hathras,Haathras,Masur Dal,Masur Dal,FAQ,7950,8050,8000,27-Jan-25
295,Hathras,Haathras,Masur Dal,Masur Dal,FAQ,7950,8050,8000,28-Jan-25
296,Hathras,Haathras,Masur Dal,Masur Dal,FAQ,8290,8390,8340,15-Jan-25
297,Hathras,Haathras,Masur Dal,Masur Dal,FAQ,8290,8390,8340,24-Jan-25
298,Hathras,Haathras,Masur Dal,Masur Dal,FAQ,8300,8400,8350,13-Jan-25
299,Hathras,Haathras,Masur Dal,Masur Dal,FAQ,8300,8400,8350,16-Jan-25
300,Hathras,Haathras,Masur Dal,Masur Dal,FAQ,8300,8400,8350,22-Jan-25
301,Hathras,Haathras,Masur Dal,Masur Dal,FAQ,8300,8400,8350,25-Jan-25
302,Hathras,Haathras,Masur Dal,Masur Dal,FAQ,8300,8460,8380,20-Jan-25
303,Hathras,Haathras,Masur Dal,Masur Dal,FAQ,8310,8410,8360,18-Jan-25
304,Hathras,Haathras,Masur Dal,Masur Dal,FAQ,8310,8410,8360,23-Jan-25
305,Hathras,Haathras,Masur Dal,Masur Dal,FAQ,8320,8420,8370,17-Jan-25
306,Hathras,Haathras,Masur Dal,Masur Dal,FAQ,8350,8450,8400,01-Jan-25
307,Hathras,Haathras,Masur Dal,Masur Dal,FAQ,8350,8450,8400,03-Jan-25
308,Hathras,Haathras,Masur Dal,Masur Dal,FAQ,8350,8450,8400,06-Jan-25
309,Hathras,Haathras,Masur Dal,Masur Dal,FAQ,8360,8460,8410,02-Jan-25
310,Hathras,Haathras,Masur Dal,Masur Dal,FAQ,8360,8460,8410,04-Jan-25
311,Hathras,Haathras,Masur Dal,Masur Dal,FAQ,8370,8470,8420,07-Jan-25
312,Hathras,Haathras,Masur Dal,Masur Dal,FAQ,8390,8490,8440,08-Jan-25
313,Hathras,Haathras,Masur Dal,Masur Dal,FAQ,8400,8500,8450,09-Jan-25
314,Hathras,Haathras,Masur Dal,Masur Dal,FAQ,8410,8510,8460,10-Jan-25
315,Imphal West,Imphal,Masur Dal,Masur Dal,FAQ,10000,11000,10500,03-Jan-25
316,Imphal West,Imphal,Masur Dal,Masur Dal,FAQ,10000,11000,10500,06-Jan-25
317,Imphal West,Imphal,Masur Dal,Masur Dal,FAQ,10000,11000,10500,07-Jan-25
318,Imphal West,Imphal,Masur Dal,Masur Dal,FAQ,10000,11000,10500,08-Jan-25
319,Imphal West,Imphal,Masur Dal,Masur Dal,FAQ,10000,11000,10500,10-Jan-25
320,Imphal West,Imphal,Masur Dal,Masur Dal,FAQ,10000,11000,10500,13-Jan-25
321,Imphal West,Imphal,Masur Dal,Masur Dal,FAQ,10000,11000,10500,14-Jan-25
322,Imphal West,Imphal,Masur Dal,Masur Dal,FAQ,10000,11000,10500,15-Jan-25
323,Imphal West,Imphal,Masur Dal,Masur Dal,FAQ,10000,11000,10500,16-Jan-25
324,Imphal West,Imphal,Masur Dal,Masur Dal,FAQ,10000,11000,10500,17-Jan-25
325,Imphal West,Imphal,Masur Dal,Masur Dal,FAQ,10000,11000,10500,21-Jan-25
326,Imphal West,Imphal,Masur Dal,Masur Dal,FAQ,10000,11000,10500,22-Jan-25
327,Imphal West,Imphal,Masur Dal,Masur Dal,FAQ,10000,11000,10500,23-Jan-25
328,Imphal West,Imphal,Masur Dal,Masur Dal,FAQ,10000,11000,10500,24-Jan-25
329,Imphal West,Imphal,Masur Dal,Masur Dal,FAQ,10000,11000,10500,27-Jan-25
330,Imphal West,Imphal,Masur Dal,Masur Dal,FAQ,10000,11000,10500,28-Jan-25
331,Imphal West,Imphal,Masur Dal,Masur Dal,FAQ,10000,11000,10500,29-Jan-25
332,Imphal West,Imphal,Masur Dal,Masur Dal,FAQ,10000,11000,10500,31-Jan-25
333,Bulandshahar,Jahangirabad,Masur Dal,Masur Dal,FAQ,7835,8075,7955,01-Feb-25
334,Bulandshahar,Jahangirabad,Masur Dal,Masur Dal,FAQ,7850,8090,7970,30-Jan-25
335,Bulandshahar,Jahangirabad,Masur Dal,Masur Dal,FAQ,7860,8100,7980,29-Jan-25
336,Bulandshahar,Jahangirabad,Masur Dal,Masur Dal,FAQ,7880,8120,8000,28-Jan-25
337,Bulandshahar,Jahangirabad,Masur Dal,Masur Dal,FAQ,7950,8190,8070,26-Jan-25
338,Bulandshahar,Jahangirabad,Masur Dal,Masur Dal,FAQ,7955,8195,8075,25-Jan-25
339,Bulandshahar,Jahangirabad,Masur Dal,Masur Dal,FAQ,7955,8196,8075,27-Jan-25
340,Bulandshahar,Jahangirabad,Masur Dal,Masur Dal,FAQ,7960,8200,8080,23-Jan-25
341,Bulandshahar,Jahangirabad,Masur Dal,Masur Dal,FAQ,7970,8210,8090,22-Jan-25
342,Bulandshahar,Jahangirabad,Masur Dal,Masur Dal,FAQ,7980,8220,8100,19-Jan-25
343,Bulandshahar,Jahangirabad,Masur Dal,Masur Dal,FAQ,7980,8220,8100,21-Jan-25
344,Bulandshahar,Jahangirabad,Masur Dal,Masur Dal,FAQ,7985,8225,8105,20-Jan-25
345,Bulandshahar,Jahangirabad,Masur Dal,Masur Dal,FAQ,7990,8230,8110,16-Jan-25
346,Bulandshahar,Jahangirabad,Masur Dal,Masur Dal,FAQ,8000,8235,8115,18-Jan-25
347,Bulandshahar,Jahangirabad,Masur Dal,Masur Dal,FAQ,8000,8240,8120,12-Jan-25
348,Bulandshahar,Jahangirabad,Masur Dal,Masur Dal,FAQ,8000,8240,8120,14-Jan-25
349,Bulandshahar,Jahangirabad,Masur Dal,Masur Dal,FAQ,8000,8245,8125,15-Jan-25
350,Bulandshahar,Jahangirabad,Masur Dal,Masur Dal,FAQ,8000,8250,8130,09-Jan-25
351,Bulandshahar,Jahangirabad,Masur Dal,Masur Dal,FAQ,8005,8245,8125,11-Jan-25
352,Bulandshahar,Jahangirabad,Masur Dal,Masur Dal,FAQ,8005,8245,8125,13-Jan-25
353,Bulandshahar,Jahangirabad,Masur Dal,Masur Dal,FAQ,8020,8260,8140,05-Jan-25
354,Bulandshahar,Jahangirabad,Masur Dal,Masur Dal,FAQ,8020,8260,8140,07-Jan-25
355,Bulandshahar,Jahangirabad,Masur Dal,Masur Dal,FAQ,8020,8265,8145,06-Jan-25
356,Bulandshahar,Jahangirabad,Masur Dal,Masur Dal,FAQ,8025,8265,8145,08-Jan-25
357,Bulandshahar,Jahangirabad,Masur Dal,Masur Dal,FAQ,8035,8276,8155,04-Jan-25
358,Bulandshahar,Jahangirabad,Masur Dal,Masur Dal,FAQ,8040,8280,8160,02-Jan-25
359,Bulandshahar,Jahangirabad,Masur Dal,Masur Dal,FAQ,8055,8295,8175,01-Jan-25
360,Jaunpur,Jaunpur,Masur Dal,Masur Dal,FAQ,8050,8125,8100,30-Jan-25
361,Jaunpur,Jaunpur,Masur Dal,Masur Dal,FAQ,8100,8140,8120,01-Feb-25
362,Jaunpur,Jaunpur,Masur Dal,Masur Dal,FAQ,8100,8200,8160,03-Jan-25
363,Jaunpur,Jaunpur,Masur Dal,Masur Dal,FAQ,8125,8175,8150,06-Jan-25
364,Jaunpur,Jaunpur,Masur Dal,Masur Dal,FAQ,8125,8175,8150,17-Jan-25
365,Jaunpur,Jaunpur,Masur Dal,Masur Dal,FAQ,8125,8200,8160,27-Jan-25
366,Jaunpur,Jaunpur,Masur Dal,Masur Dal,FAQ,8130,8190,8160,20-Jan-25
367,Jaunpur,Jaunpur,Masur Dal,Masur Dal,FAQ,8140,8190,8165,23-Jan-25
368,Jaunpur,Jaunpur,Masur Dal,Masur Dal,FAQ,8145,8205,8175,01-Jan-25
369,Jaunpur,Jaunpur,Masur Dal,Masur Dal,FAQ,8200,8260,8230,15-Jan-25
370,Kakching,Kakching Market,Masur Dal,Kala Masoor New,FAQ,10500,11000,10750,21-Jan-25
371,Kakching,Kakching Market,Masur Dal,Kala Masoor New,FAQ,10500,11000,10750,22-Jan-25
372,Kakching,Kakching Market,Masur Dal,Kala Masoor New,FAQ,10500,11000,10750,23-Jan-25
373,Kakching,Kakching Market,Masur Dal,Kala Masoor New,FAQ,10500,11000,10750,24-Jan-25
374,Kakching,Kakching Market,Masur Dal,Kala Masoor New,FAQ,10500,11000,10750,27-Jan-25
375,Kakching,Kakching Market,Masur Dal,Kala Masoor New,FAQ,10500,11000,10750,28-Jan-25
376,Kakching,Kakching Market,Masur Dal,Kala Masoor New,FAQ,10500,11000,10750,31-Jan-25
377,Kakching,Kakching Market,Masur Dal,Masur Dal,FAQ,10500,11000,10750,03-Jan-25
378,Kakching,Kakching Market,Masur Dal,Masur Dal,FAQ,10500,11000,10750,06-Jan-25
379,Kakching,Kakching Market,Masur Dal,Masur Dal,FAQ,10500,11000,10750,07-Jan-25
380,Kakching,Kakching Market,Masur Dal,Masur Dal,FAQ,10500,11000,10750,08-Jan-25
381,Kakching,Kakching Market,Masur Dal,Masur Dal,FAQ,10500,11000,10750,10-Jan-25
382,Kakching,Kakching Market,Masur Dal,Masur Dal,FAQ,10500,11000,10750,13-Jan-25
383,Kakching,Kakching Market,Masur Dal,Masur Dal,FAQ,10500,11000,10750,14-Jan-25
384,Kakching,Kakching Market,Masur Dal,Masur Dal,FAQ,10500,11000,10750,15-Jan-25
385,Kakching,Kakching Market,Masur Dal,Masur Dal,FAQ,10500,11000,10750,16-Jan-25
386,Kakching,Kakching Market,Masur Dal,Masur Dal,FAQ,10500,11000,10750,17-Jan-25
387,Kakching,Kakching Market,Masur Dal,Masur Dal,FAQ,10500,11000,10750,29-Jan-25
388,Puruliya,Kasipur,Masur Dal,Masur Dal,FAQ,9200,9400,9300,30-Jan-25
389,Puruliya,Kasipur,Masur Dal,Masur Dal,FAQ,9300,9500,9400,04-Jan-25
390,Puruliya,Kasipur,Masur Dal,Masur Dal,FAQ,9300,9500,9400,18-Jan-25
391,Puruliya,Kasipur,Masur Dal,Masur Dal,FAQ,9400,9600,9500,03-Jan-25
392,Puruliya,Kasipur,Masur Dal,Masur Dal,FAQ,9400,9600,9500,05-Jan-25
393,Puruliya,Kasipur,Masur Dal,Masur Dal,FAQ,9400,9600,9500,06-Jan-25
394,Puruliya,Kasipur,Masur Dal,Masur Dal,FAQ,9400,9600,9500,08-Jan-25
395,Puruliya,Kasipur,Masur Dal,Masur Dal,FAQ,9400,9600,9500,09-Jan-25
396,Puruliya,Kasipur,Masur Dal,Masur Dal,FAQ,9400,9600,9500,15-Jan-25
397,Puruliya,Kasipur,Masur Dal,Masur Dal,FAQ,9400,9600,9500,17-Jan-25
398,Puruliya,Kasipur,Masur Dal,Masur Dal,FAQ,9400,9600,9500,19-Jan-25
399,Puruliya,Kasipur,Masur Dal,Masur Dal,FAQ,9400,9600,9500,24-Jan-25
400,Puruliya,Kasipur,Masur Dal,Masur Dal,FAQ,9400,9600,9500,25-Jan-25
401,Puruliya,Kasipur,Masur Dal,Masur Dal,FAQ,9400,9600,9500,26-Jan-25
402,Puruliya,Kasipur,Masur Dal,Masur Dal,FAQ,9400,9600,9500,27-Jan-25
403,Puruliya,Kasipur,Masur Dal,Masur Dal,FAQ,9400,9600,9500,28-Jan-25
404,Puruliya,Kasipur,Masur Dal,Masur Dal,FAQ,9400,9600,9500,31-Jan-25
405,Puruliya,Kasipur,Masur Dal,Masur Dal,FAQ,9500,9700,9600,16-Jan-25
406,Farukhabad,Kayamganj,Masur Dal,Masur Dal,FAQ,7675,7725,7700,11-Jan-25
407,Farukhabad,Kayamganj,Masur Dal,Masur Dal,FAQ,7675,7725,7700,15-Jan-25
408,Farukhabad,Kayamganj,Masur Dal,Masur Dal,FAQ,7675,7725,7700,17-Jan-25
409,Farukhabad,Kayamganj,Masur Dal,Masur Dal,FAQ,7675,7725,7700,20-Jan-25
410,Farukhabad,Kayamganj,Masur Dal,Masur Dal,FAQ,7675,7725,7700,22-Jan-25
411,Farukhabad,Kayamganj,Masur Dal,Masur Dal,FAQ,7675,7725,7700,25-Jan-25
412,Farukhabad,Kayamganj,Masur Dal,Masur Dal,FAQ,7675,7725,7700,29-Jan-25
413,Farukhabad,Kayamganj,Masur Dal,Masur Dal,FAQ,7675,7725,7700,31-Jan-25
414,Farukhabad,Kayamganj,Masur Dal,Masur Dal,FAQ,7700,7750,7725,01-Feb-25
415,Farukhabad,Kayamganj,Masur Dal,Masur Dal,FAQ,7700,7750,7725,02-Jan-25
416,Farukhabad,Kayamganj,Masur Dal,Masur Dal,FAQ,7700,7750,7725,03-Jan-25
417,Farukhabad,Kayamganj,Masur Dal,Masur Dal,FAQ,7700,7750,7725,04-Jan-25
418,Farukhabad,Kayamganj,Masur Dal,Masur Dal,FAQ,7700,7750,7725,06-Jan-25
419,Farukhabad,Kayamganj,Masur Dal,Masur Dal,FAQ,7700,7750,7725,07-Jan-25
420,Farukhabad,Kayamganj,Masur Dal,Masur Dal,FAQ,7700,7750,7725,08-Jan-25
421,Farukhabad,Kayamganj,Masur Dal,Masur Dal,FAQ,7700,7750,7725,10-Jan-25
422,Farukhabad,Kayamganj,Masur Dal,Masur Dal,FAQ,7700,7750,7725,13-Jan-25
423,Farukhabad,Kayamganj,Masur Dal,Masur Dal,FAQ,7700,7750,7725,14-Jan-25
424,Farukhabad,Kayamganj,Masur Dal,Masur Dal,FAQ,7700,7750,7725,16-Jan-25
425,Farukhabad,Kayamganj,Masur Dal,Masur Dal,FAQ,7700,7750,7725,18-Jan-25
426,Farukhabad,Kayamganj,Masur Dal,Masur Dal,FAQ,7700,7750,7725,21-Jan-25
427,Farukhabad,Kayamganj,Masur Dal,Masur Dal,FAQ,7700,7750,7725,23-Jan-25
428,Farukhabad,Kayamganj,Masur Dal,Masur Dal,FAQ,7700,7750,7725,24-Jan-25
429,Farukhabad,Kayamganj,Masur Dal,Masur Dal,FAQ,7700,7750,7725,27-Jan-25
430,Farukhabad,Kayamganj,Masur Dal,Masur Dal,FAQ,7700,7750,7725,28-Jan-25
431,Farukhabad,Kayamganj,Masur Dal,Masur Dal,FAQ,7700,7750,7725,30-Jan-25
432,Farukhabad,Kayamganj,Masur Dal,Masur Dal,FAQ,7725,7775,7750,01-Jan-25
433,Farukhabad,Kayamganj,Masur Dal,Masur Dal,FAQ,7725,7775,7750,09-Jan-25
434,Imphal East,Lamlong Bazaar,Masur Dal,Masur Dal,FAQ,10000,11000,10500,03-Jan-25
435,Imphal East,Lamlong Bazaar,Masur Dal,Masur Dal,FAQ,10000,11000,10500,06-Jan-25
436,Imphal East,Lamlong Bazaar,Masur Dal,Masur Dal,FAQ,10000,11000,10500,07-Jan-25
437,Imphal East,Lamlong Bazaar,Masur Dal,Masur Dal,FAQ,10000,11000,10500,08-Jan-25
438,Imphal East,Lamlong Bazaar,Masur Dal,Masur Dal,FAQ,10000,11000,10500,10-Jan-25
439,Imphal East,Lamlong Bazaar,Masur Dal,Masur Dal,FAQ,10000,11000,10500,13-Jan-25
440,Imphal East,Lamlong Bazaar,Masur Dal,Masur Dal,FAQ,10000,11000,10500,14-Jan-25
441,Imphal East,Lamlong Bazaar,Masur Dal,Masur Dal,FAQ,10000,11000,10500,15-Jan-25
442,Imphal East,Lamlong Bazaar,Masur Dal,Masur Dal,FAQ,10000,11000,10500,16-Jan-25
443,Imphal East,Lamlong Bazaar,Masur Dal,Masur Dal,FAQ,10000,11000,10500,17-Jan-25
444,Imphal East,Lamlong Bazaar,Masur Dal,Masur Dal,FAQ,10000,11000,10500,21-Jan-25
445,Imphal East,Lamlong Bazaar,Masur Dal,Masur Dal,FAQ,10000,11000,10500,22-Jan-25
446,Imphal East,Lamlong Bazaar,Masur Dal,Masur Dal,FAQ,10000,11000,10500,23-Jan-25
447,Imphal East,Lamlong Bazaar,Masur Dal,Masur Dal,FAQ,10000,11000,10500,24-Jan-25
448,Imphal East,Lamlong Bazaar,Masur Dal,Masur Dal,FAQ,10000,11000,10500,27-Jan-25
449,Imphal East,Lamlong Bazaar,Masur Dal,Masur Dal,FAQ,10000,11000,10500,28-Jan-25
450,Imphal East,Lamlong Bazaar,Masur Dal,Masur Dal,FAQ,10000,11000,10500,29-Jan-25
451,Imphal East,Lamlong Bazaar,Masur Dal,Masur Dal,FAQ,10000,11000,10500,31-Jan-25
452,Mainpuri,Mainpuri,Masur Dal,Kala Masoor New,FAQ,6800,7000,6900,28-Jan-25
453,Mainpuri,Mainpuri,Masur Dal,Kala Masoor New,FAQ,6820,7015,6925,10-Jan-25
454,Mainpuri,Mainpuri,Masur Dal,Kala Masoor New,FAQ,6835,7040,6945,31-Jan-25
455,Mainpuri,Mainpuri,Masur Dal,Kala Masoor New,FAQ,6840,7035,6945,29-Jan-25
456,Mainpuri,Mainpuri,Masur Dal,Kala Masoor New,FAQ,6870,7060,6980,24-Jan-25
457,Mainpuri,Mainpuri,Masur Dal,Kala Masoor New,FAQ,6875,7065,6980,30-Jan-25
458,Mainpuri,Mainpuri,Masur Dal,Kala Masoor New,FAQ,6875,7065,6985,17-Jan-25
459,Mainpuri,Mainpuri,Masur Dal,Kala Masoor New,FAQ,6915,7110,7020,03-Jan-25
460,Medinipur(W),Medinipur(West),Masur Dal,Masur Dal,FAQ,10500,11500,11000,01-Jan-25
461,Medinipur(W),Medinipur(West),Masur Dal,Masur Dal,FAQ,10500,11500,11000,02-Jan-25
462,Medinipur(W),Medinipur(West),Masur Dal,Masur Dal,FAQ,10500,11500,11000,03-Jan-25
463,Medinipur(W),Medinipur(West),Masur Dal,Masur Dal,FAQ,10500,11500,11000,04-Jan-25
464,Medinipur(W),Medinipur(West),Masur Dal,Masur Dal,FAQ,10500,11500,11000,05-Jan-25
465,Medinipur(W),Medinipur(West),Masur Dal,Masur Dal,FAQ,10500,11500,11000,06-Jan-25
466,Medinipur(W),Medinipur(West),Masur Dal,Masur Dal,FAQ,10500,11500,11000,07-Jan-25
467,Medinipur(W),Medinipur(West),Masur Dal,Masur Dal,FAQ,10500,11500,11000,08-Jan-25
468,Medinipur(W),Medinipur(West),Masur Dal,Masur Dal,FAQ,10500,11500,11000,09-Jan-25
469,Medinipur(W),Medinipur(West),Masur Dal,Masur Dal,FAQ,10500,11500,11000,10-Jan-25
470,Medinipur(W),Medinipur(West),Masur Dal,Masur Dal,FAQ,10500,11500,11000,11-Jan-25
471,Medinipur(W),Medinipur(West),Masur Dal,Masur Dal,FAQ,10500,11500,11000,12-Jan-25
472,Medinipur(W),Medinipur(West),Masur Dal,Masur Dal,FAQ,10500,11500,11000,13-Jan-25
473,Medinipur(W),Medinipur(West),Masur Dal,Masur Dal,FAQ,10500,11500,11000,14-Jan-25
474,Medinipur(W),Medinipur(West),Masur Dal,Masur Dal,FAQ,10500,11500,11000,15-Jan-25
475,Medinipur(W),Medinipur(West),Masur Dal,Masur Dal,FAQ,10500,11500,11000,16-Jan-25
476,Medinipur(W),Medinipur(West),Masur Dal,Masur Dal,FAQ,10500,11500,11000,18-Jan-25
477,Medinipur(W),Medinipur(West),Masur Dal,Masur Dal,FAQ,10500,11500,11000,19-Jan-25
478,Medinipur(W),Medinipur(West),Masur Dal,Masur Dal,FAQ,10500,11500,11000,20-Jan-25
479,Medinipur(W),Medinipur(West),Masur Dal,Masur Dal,FAQ,10500,11500,11000,21-Jan-25
480,Medinipur(W),Medinipur(West),Masur Dal,Masur Dal,FAQ,10500,11500,11000,22-Jan-25
481,Medinipur(W),Medinipur(West),Masur Dal,Masur Dal,FAQ,10500,11500,11000,28-Jan-25
482,Medinipur(W),Medinipur(West),Masur Dal,Masur Dal,FAQ,10500,11500,11000,29-Jan-25
483,Meerut,Meerut,Masur Dal,Masur Dal,FAQ,8120,8160,8140,10-Jan-25
484,Meerut,Meerut,Masur Dal,Masur Dal,FAQ,8130,8170,8150,09-Jan-25
485,Meerut,Meerut,Masur Dal,Masur Dal,FAQ,8140,8180,8160,08-Jan-25
486,Meerut,Meerut,Masur Dal,Masur Dal,FAQ,8150,8210,8180,30-Jan-25
487,Meerut,Meerut,Masur Dal,Masur Dal,FAQ,8170,8210,8190,28-Jan-25
488,Meerut,Meerut,Masur Dal,Masur Dal,FAQ,8170,8220,8190,17-Jan-25
489,Meerut,Meerut,Masur Dal,Masur Dal,FAQ,8170,8220,8190,19-Jan-25
490,Meerut,Meerut,Masur Dal,Masur Dal,FAQ,8170,8220,8190,31-Jan-25
491,Meerut,Meerut,Masur Dal,Masur Dal,FAQ,8170,8230,8200,29-Jan-25
492,Meerut,Meerut,Masur Dal,Masur Dal,FAQ,8180,8220,8200,01-Feb-25
493,Meerut,Meerut,Masur Dal,Masur Dal,FAQ,8180,8220,8200,18-Jan-25
494,Meerut,Meerut,Masur Dal,Masur Dal,FAQ,8200,8260,8230,27-Jan-25
495,Meerut,Meerut,Masur Dal,Masur Dal,FAQ,8210,8270,8240,25-Jan-25
496,Meerut,Meerut,Masur Dal,Masur Dal,FAQ,8220,8260,8240,11-Jan-25
497,Meerut,Meerut,Masur Dal,Masur Dal,FAQ,8220,8260,8240,14-Jan-25
498,Meerut,Meerut,Masur Dal,Masur Dal,FAQ,8220,8260,8240,26-Jan-25
499,Meerut,Meerut,Masur Dal,Masur Dal,FAQ,8220,8280,8250,21-Jan-25
500,Meerut,Meerut,Masur Dal,Masur Dal,FAQ,8230,8270,8250,13-Jan-25
501,Meerut,Meerut,Masur Dal,Masur Dal,FAQ,8230,8290,8260,22-Jan-25
502,Meerut,Meerut,Masur Dal,Masur Dal,FAQ,8240,8280,8260,15-Jan-25
503,Meerut,Meerut,Masur Dal,Masur Dal,FAQ,8240,8300,8270,24-Jan-25
504,Meerut,Meerut,Masur Dal,Masur Dal,FAQ,8250,8290,8270,16-Jan-25
505,Meerut,Meerut,Masur Dal,Masur Dal,FAQ,8250,8290,8270,23-Jan-25
506,Meerut,Meerut,Masur Dal,Masur Dal,FAQ,8270,8310,8290,04-Jan-25
507,Meerut,Meerut,Masur Dal,Masur Dal,FAQ,8270,8320,8300,01-Jan-25
508,Meerut,Meerut,Masur Dal,Masur Dal,FAQ,8280,8320,8300,03-Jan-25
509,Meerut,Meerut,Masur Dal,Masur Dal,FAQ,8280,8320,8300,07-Jan-25
510,Meerut,Meerut,Masur Dal,Masur Dal,FAQ,8290,8330,8310,02-Jan-25
511,Khiri (Lakhimpur),Mohammdi,Masur Dal,Masur Dal,FAQ,7350,7450,7400,02-Jan-25
512,Khiri (Lakhimpur),Mohammdi,Masur Dal,Masur Dal,FAQ,7360,7450,7410,03-Jan-25
513,Khiri (Lakhimpur),Mohammdi,Masur Dal,Masur Dal,FAQ,7360,7450,7410,07-Jan-25
514,Khiri (Lakhimpur),Mohammdi,Masur Dal,Masur Dal,FAQ,7360,7455,7410,10-Jan-25
515,Khiri (Lakhimpur),Mohammdi,Masur Dal,Masur Dal,FAQ,7375,7455,7410,09-Jan-25
516,Khiri (Lakhimpur),Mohammdi,Masur Dal,Masur Dal,FAQ,7380,7455,7415,01-Jan-25
517,Khiri (Lakhimpur),Mohammdi,Masur Dal,Masur Dal,FAQ,7380,7460,7420,06-Jan-25
518,Khiri (Lakhimpur),Mohammdi,Masur Dal,Masur Dal,FAQ,7380,7465,7415,08-Jan-25
519,Khiri (Lakhimpur),Mohammdi,Masur Dal,Masur Dal,FAQ,7400,7480,7440,04-Jan-25
520,Khiri (Lakhimpur),Mohammdi,Masur Dal,Masur Dal,FAQ,7400,7480,7440,11-Jan-25
521,Khiri (Lakhimpur),Mohammdi,Masur Dal,Masur Dal,FAQ,7400,7480,7440,27-Jan-25
522,Khiri (Lakhimpur),Mohammdi,Masur Dal,Masur Dal,FAQ,7400,7485,7445,14-Jan-25
523,Khiri (Lakhimpur),Mohammdi,Masur Dal,Masur Dal,FAQ,7400,7500,7450,13-Jan-25
524,Khiri (Lakhimpur),Mohammdi,Masur Dal,Masur Dal,FAQ,7400,7500,7450,15-Jan-25
525,Khiri (Lakhimpur),Mohammdi,Masur Dal,Masur Dal,FAQ,7400,7500,7450,17-Jan-25
526,Khiri (Lakhimpur),Mohammdi,Masur Dal,Masur Dal,FAQ,7400,7500,7455,16-Jan-25
527,Khiri (Lakhimpur),Mohammdi,Masur Dal,Masur Dal,FAQ,7400,7500,7455,31-Jan-25
528,Khiri (Lakhimpur),Mohammdi,Masur Dal,Masur Dal,FAQ,7410,7510,7460,01-Feb-25
529,Khiri (Lakhimpur),Mohammdi,Masur Dal,Masur Dal,FAQ,7415,7510,7465,30-Jan-25
530,Khiri (Lakhimpur),Mohammdi,Masur Dal,Masur Dal,FAQ,7420,7510,7470,18-Jan-25
531,Khiri (Lakhimpur),Mohammdi,Masur Dal,Masur Dal,FAQ,7420,7520,7470,29-Jan-25
532,Khiri (Lakhimpur),Mohammdi,Masur Dal,Masur Dal,FAQ,7430,7520,7470,21-Jan-25
533,Khiri (Lakhimpur),Mohammdi,Masur Dal,Masur Dal,FAQ,7445,7525,7485,20-Jan-25
534,Khiri (Lakhimpur),Mohammdi,Masur Dal,Masur Dal,FAQ,7450,7550,7500,23-Jan-25
535,Khiri (Lakhimpur),Mohammdi,Masur Dal,Masur Dal,FAQ,7460,7555,7510,24-Jan-25
536,Khiri (Lakhimpur),Mohammdi,Masur Dal,Masur Dal,FAQ,7480,7570,7520,22-Jan-25
537,Khiri (Lakhimpur),Mohammdi,Masur Dal,Masur Dal,FAQ,7480,7570,7520,25-Jan-25
538,Mumbai,Mumbai,Masur Dal,Other,FAQ,6800,7600,7200,01-Jan-25
539,Mumbai,Mumbai,Masur Dal,Other,FAQ,6800,7600,7200,02-Jan-25
540,Mumbai,Mumbai,Masur Dal,Other,FAQ,6800,7600,7200,03-Jan-25
541,Mumbai,Mumbai,Masur Dal,Other,FAQ,6800,7600,7200,04-Jan-25
542,Mumbai,Mumbai,Masur Dal,Other,FAQ,6800,7600,7200,06-Jan-25
543,Mumbai,Mumbai,Masur Dal,Other,FAQ,6800,7600,7200,07-Jan-25
544,Mumbai,Mumbai,Masur Dal,Other,FAQ,6800,7600,7200,08-Jan-25
545,Mumbai,Mumbai,Masur Dal,Other,FAQ,6800,7600,7200,10-Jan-25
546,Mumbai,Mumbai,Masur Dal,Other,FAQ,6800,7600,7200,11-Jan-25
547,Mumbai,Mumbai,Masur Dal,Other,FAQ,6800,7600,7200,13-Jan-25
548,Mumbai,Mumbai,Masur Dal,Other,FAQ,6800,7600,7200,14-Jan-25
549,Mumbai,Mumbai,Masur Dal,Other,FAQ,6800,7600,7200,15-Jan-25
550,Mumbai,Mumbai,Masur Dal,Other,FAQ,6800,7600,7200,16-Jan-25
551,Mumbai,Mumbai,Masur Dal,Other,FAQ,6800,7600,7200,17-Jan-25
552,Mumbai,Mumbai,Masur Dal,Other,FAQ,6800,7600,7200,18-Jan-25
553,Mumbai,Mumbai,Masur Dal,Other,FAQ,6800,7600,7200,20-Jan-25
554,Mumbai,Mumbai,Masur Dal,Other,FAQ,7300,8000,7700,21-Jan-25
555,Mumbai,Mumbai,Masur Dal,Other,FAQ,7300,8000,7700,22-Jan-25
556,Mumbai,Mumbai,Masur Dal,Other,FAQ,7300,8000,7700,23-Jan-25
557,Mumbai,Mumbai,Masur Dal,Other,FAQ,7300,8000,7700,24-Jan-25
558,Mumbai,Mumbai,Masur Dal,Other,Local,7300,8000,7700,01-Feb-25
559,Mumbai,Mumbai,Masur Dal,Other,Local,7300,8000,7700,25-Jan-25
560,Mumbai,Mumbai,Masur Dal,Other,Local,7300,8000,7700,27-Jan-25
561,Mumbai,Mumbai,Masur Dal,Other,Local,7300,8000,7700,28-Jan-25
562,Mumbai,Mumbai,Masur Dal,Other,Local,7300,8000,7700,29-Jan-25
563,Mumbai,Mumbai,Masur Dal,Other,Local,7300,8000,7700,30-Jan-25
564,Mumbai,Mumbai,Masur Dal,Other,Local,7300,8000,7700,31-Jan-25
565,Ghaziabad,Muradnagar,Masur Dal,Masur Dal,FAQ,8250,8350,8300,31-Jan-25
566,Muzaffarnagar,Muzzafarnagar,Masur Dal,Masur Dal,FAQ,8000,8200,8100,01-Feb-25
567,Muzaffarnagar,Muzzafarnagar,Masur Dal,Masur Dal,FAQ,8000,8250,8150,30-Jan-25
568,Muzaffarnagar,Muzzafarnagar,Masur Dal,Masur Dal,FAQ,8000,8300,8100,31-Jan-25
569,Muzaffarnagar,Muzzafarnagar,Masur Dal,Masur Dal,FAQ,8000,8300,8150,29-Jan-25
570,Muzaffarnagar,Muzzafarnagar,Masur Dal,Masur Dal,FAQ,8050,8300,8150,27-Jan-25
571,Muzaffarnagar,Muzzafarnagar,Masur Dal,Masur Dal,FAQ,8100,8300,8200,25-Jan-25
572,Muzaffarnagar,Muzzafarnagar,Masur Dal,Masur Dal,FAQ,8100,8400,8200,16-Jan-25
573,Muzaffarnagar,Muzzafarnagar,Masur Dal,Masur Dal,FAQ,8100,8400,8200,24-Jan-25
574,Muzaffarnagar,Muzzafarnagar,Masur Dal,Masur Dal,FAQ,8100,8400,8200,28-Jan-25
575,Muzaffarnagar,Muzzafarnagar,Masur Dal,Masur Dal,FAQ,8100,8400,8250,18-Jan-25
576,Muzaffarnagar,Muzzafarnagar,Masur Dal,Masur Dal,FAQ,8100,8500,8300,07-Jan-25
577,Muzaffarnagar,Muzzafarnagar,Masur Dal,Masur Dal,FAQ,8120,8400,8230,22-Jan-25
578,Muzaffarnagar,Muzzafarnagar,Masur Dal,Masur Dal,FAQ,8150,8400,8250,01-Jan-25
579,Muzaffarnagar,Muzzafarnagar,Masur Dal,Masur Dal,FAQ,8150,8400,8250,02-Jan-25
580,Muzaffarnagar,Muzzafarnagar,Masur Dal,Masur Dal,FAQ,8150,8400,8250,15-Jan-25
581,Muzaffarnagar,Muzzafarnagar,Masur Dal,Masur Dal,FAQ,8150,8400,8250,17-Jan-25
582,Muzaffarnagar,Muzzafarnagar,Masur Dal,Masur Dal,FAQ,8150,8400,8250,21-Jan-25
583,Muzaffarnagar,Muzzafarnagar,Masur Dal,Masur Dal,FAQ,8150,8450,8275,14-Jan-25
584,Muzaffarnagar,Muzzafarnagar,Masur Dal,Masur Dal,FAQ,8200,8400,8275,13-Jan-25
585,Muzaffarnagar,Muzzafarnagar,Masur Dal,Masur Dal,FAQ,8200,8500,8300,03-Jan-25
586,Muzaffarnagar,Muzzafarnagar,Masur Dal,Masur Dal,FAQ,8200,8500,8300,04-Jan-25
587,Muzaffarnagar,Muzzafarnagar,Masur Dal,Masur Dal,FAQ,8200,8500,8300,06-Jan-25
588,Muzaffarnagar,Muzzafarnagar,Masur Dal,Masur Dal,FAQ,8200,8500,8300,08-Jan-25
589,Muzaffarnagar,Muzzafarnagar,Masur Dal,Masur Dal,FAQ,8200,8500,8300,09-Jan-25
590,Muzaffarnagar,Muzzafarnagar,Masur Dal,Masur Dal,FAQ,8200,8500,8300,10-Jan-25
591,Muzaffarnagar,Muzzafarnagar,Masur Dal,Masur Dal,FAQ,8200,8500,8300,11-Jan-25
592,Bahraich,Naanpara,Masur Dal,Masur Dal,FAQ,6000,7000,6500,03-Jan-25
593,Pillibhit,Pilibhit,Masur Dal,Kala Masoor New,FAQ,8100,8200,8150,24-Jan-25
594,Pillibhit,Pilibhit,Masur Dal,Kala Masoor New,FAQ,8150,8230,8190,03-Jan-25
595,Pillibhit,Pilibhit,Masur Dal,Kala Masoor New,FAQ,8150,8240,8195,10-Jan-25
596,Pillibhit,Pilibhit,Masur Dal,Kala Masoor New,FAQ,8150,8240,8199,17-Jan-25
597,Puruliya,Purulia,Masur Dal,Masur Dal,FAQ,9000,9100,9050,22-Jan-25
598,Puruliya,Purulia,Masur Dal,Masur Dal,FAQ,9000,9100,9050,24-Jan-25
599,Puruliya,Purulia,Masur Dal,Masur Dal,FAQ,9000,9100,9050,30-Jan-25
600,Puruliya,Purulia,Masur Dal,Masur Dal,FAQ,9000,9100,9100,23-Jan-25
601,Puruliya,Purulia,Masur Dal,Masur Dal,FAQ,9100,9150,9100,26-Jan-25
602,Puruliya,Purulia,Masur Dal,Masur Dal,FAQ,9100,9200,9100,01-Feb-25
603,Puruliya,Purulia,Masur Dal,Masur Dal,FAQ,9100,9200,9100,25-Jan-25
604,Puruliya,Purulia,Masur Dal,Masur Dal,FAQ,9100,9200,9100,27-Jan-25
605,Puruliya,Purulia,Masur Dal,Masur Dal,FAQ,9100,9200,9100,29-Jan-25
606,Puruliya,Purulia,Masur Dal,Masur Dal,FAQ,9100,9200,9100,31-Jan-25
607,Puruliya,Purulia,Masur Dal,Masur Dal,FAQ,9300,9400,9300,16-Jan-25
608,Puruliya,Purulia,Masur Dal,Masur Dal,FAQ,9300,9400,9300,20-Jan-25
609,Puruliya,Purulia,Masur Dal,Masur Dal,FAQ,9350,9400,9400,12-Jan-25
610,Puruliya,Purulia,Masur Dal,Masur Dal,FAQ,9350,9500,9400,06-Jan-25
611,Puruliya,Purulia,Masur Dal,Masur Dal,FAQ,9350,9500,9400,07-Jan-25
612,Puruliya,Purulia,Masur Dal,Masur Dal,FAQ,9350,9500,9400,13-Jan-25
613,Puruliya,Purulia,Masur Dal,Masur Dal,FAQ,9350,9500,9400,19-Jan-25
614,Puruliya,Purulia,Masur Dal,Masur Dal,FAQ,9350,9500,9400,21-Jan-25
615,Puruliya,Purulia,Masur Dal,Masur Dal,FAQ,9400,9500,9400,03-Jan-25
616,Puruliya,Purulia,Masur Dal,Masur Dal,FAQ,9400,9500,9400,14-Jan-25
617,Puruliya,Purulia,Masur Dal,Masur Dal,FAQ,9400,9500,9400,15-Jan-25
618,Puruliya,Purulia,Masur Dal,Masur Dal,FAQ,9400,9500,9450,05-Jan-25
619,Puruliya,Purulia,Masur Dal,Masur Dal,FAQ,9400,9500,9450,10-Jan-25
620,Puruliya,Purulia,Masur Dal,Masur Dal,FAQ,9400,9500,9500,01-Jan-25
621,Puruliya,Purulia,Masur Dal,Masur Dal,FAQ,9400,9500,9500,08-Jan-25
622,Puruliya,Purulia,Masur Dal,Masur Dal,FAQ,9400,9500,9500,11-Jan-25
623,Puruliya,Purulia,Masur Dal,Masur Dal,FAQ,9400,9600,9500,09-Jan-25
624,Puruliya,Purulia,Masur Dal,Masur Dal,FAQ,9450,9500,9500,02-Jan-25
625,Puruliya,Purulia,Masur Dal,Masur Dal,FAQ,9450,9500,9500,04-Jan-25
626,Puruliya,Purulia,Masur Dal,Masur Dal,FAQ,9500,9600,9500,17-Jan-25
627,Puruliya,Purulia,Masur Dal,Masur Dal,FAQ,9500,9600,9500,18-Jan-25
628,Raipur,Raipur,Masur Dal,Masoor Gola,FAQ,6725,6725,6725,31-Jan-25
629,Rajnandgaon,Rajnandgaon,Masur Dal,Masoor Gola,Local,4000,4500,4250,15-Jan-25
630,Rajnandgaon,Rajnandgaon,Masur Dal,Masoor Gola,Local,5100,5425,5262,02-Jan-25
631,Rajnandgaon,Rajnandgaon,Masur Dal,Masoor Gola,Local,5381,5400,5390,04-Jan-25
632,Howrah,Ramkrishanpur(Howrah),Masur Dal,Masur Dal,FAQ,8300,8700,8500,01-Feb-25
633,Howrah,Ramkrishanpur(Howrah),Masur Dal,Masur Dal,FAQ,8300,8700,8500,01-Jan-25
634,Howrah,Ramkrishanpur(Howrah),Masur Dal,Masur Dal,FAQ,8300,8700,8500,02-Jan-25
635,Howrah,Ramkrishanpur(Howrah),Masur Dal,Masur Dal,FAQ,8300,8700,8500,03-Jan-25
636,Howrah,Ramkrishanpur(Howrah),Masur Dal,Masur Dal,FAQ,8300,8700,8500,04-Jan-25
637,Howrah,Ramkrishanpur(Howrah),Masur Dal,Masur Dal,FAQ,8300,8700,8500,05-Jan-25
638,Howrah,Ramkrishanpur(Howrah),Masur Dal,Masur Dal,FAQ,8300,8700,8500,06-Jan-25
639,Howrah,Ramkrishanpur(Howrah),Masur Dal,Masur Dal,FAQ,8300,8700,8500,07-Jan-25
640,Howrah,Ramkrishanpur(Howrah),Masur Dal,Masur Dal,FAQ,8300,8700,8500,08-Jan-25
641,Howrah,Ramkrishanpur(Howrah),Masur Dal,Masur Dal,FAQ,8300,8700,8500,09-Jan-25
642,Howrah,Ramkrishanpur(Howrah),Masur Dal,Masur Dal,FAQ,8300,8700,8500,10-Jan-25
643,Howrah,Ramkrishanpur(Howrah),Masur Dal,Masur Dal,FAQ,8300,8700,8500,11-Jan-25
644,Howrah,Ramkrishanpur(Howrah),Masur Dal,Masur Dal,FAQ,8300,8700,8500,12-Jan-25
645,Howrah,Ramkrishanpur(Howrah),Masur Dal,Masur Dal,FAQ,8300,8700,8500,13-Jan-25
646,Howrah,Ramkrishanpur(Howrah),Masur Dal,Masur Dal,FAQ,8300,8700,8500,14-Jan-25
647,Howrah,Ramkrishanpur(Howrah),Masur Dal,Masur Dal,FAQ,8300,8700,8500,15-Jan-25
648,Howrah,Ramkrishanpur(Howrah),Masur Dal,Masur Dal,FAQ,8300,8700,8500,16-Jan-25
649,Howrah,Ramkrishanpur(Howrah),Masur Dal,Masur Dal,FAQ,8300,8700,8500,17-Jan-25
650,Howrah,Ramkrishanpur(Howrah),Masur Dal,Masur Dal,FAQ,8300,8700,8500,18-Jan-25
651,Howrah,Ramkrishanpur(Howrah),Masur Dal,Masur Dal,FAQ,8300,8700,8500,19-Jan-25
652,Howrah,Ramkrishanpur(Howrah),Masur Dal,Masur Dal,FAQ,8300,8700,8500,20-Jan-25
653,Howrah,Ramkrishanpur(Howrah),Masur Dal,Masur Dal,FAQ,8300,8700,8500,21-Jan-25
654,Howrah,Ramkrishanpur(Howrah),Masur Dal,Masur Dal,FAQ,8300,8700,8500,22-Jan-25
655,Howrah,Ramkrishanpur(Howrah),Masur Dal,Masur Dal,FAQ,8300,8700,8500,23-Jan-25
656,Howrah,Ramkrishanpur(Howrah),Masur Dal,Masur Dal,FAQ,8300,8700,8500,24-Jan-25
657,Howrah,Ramkrishanpur(Howrah),Masur Dal,Masur Dal,FAQ,8300,8700,8500,25-Jan-25
658,Howrah,Ramkrishanpur(Howrah),Masur Dal,Masur Dal,FAQ,8300,8700,8500,26-Jan-25
659,Howrah,Ramkrishanpur(Howrah),Masur Dal,Masur Dal,FAQ,8300,8700,8500,27-Jan-25
660,Howrah,Ramkrishanpur(Howrah),Masur Dal,Masur Dal,FAQ,8300,8700,8500,28-Jan-25
661,Howrah,Ramkrishanpur(Howrah),Masur Dal,Masur Dal,FAQ,8300,8700,8500,29-Jan-25
662,Howrah,Ramkrishanpur(Howrah),Masur Dal,Masur Dal,FAQ,8300,8700,8500,30-Jan-25
663,Howrah,Ramkrishanpur(Howrah),Masur Dal,Masur Dal,FAQ,8300,8700,8500,31-Jan-25
664,Ballia,Rasda,Masur Dal,Kala Masoor New,FAQ,7980,8160,8110,18-Jan-25
665,Ballia,Rasda,Masur Dal,Kala Masoor New,FAQ,8020,8125,8080,15-Jan-25
666,Ballia,Rasda,Masur Dal,Kala Masoor New,FAQ,8020,8125,8090,01-Feb-25
667,Ballia,Rasda,Masur Dal,Kala Masoor New,FAQ,8020,8145,8080,31-Jan-25
668,Ballia,Rasda,Masur Dal,Kala Masoor New,FAQ,8020,8145,8090,11-Jan-25
669,Ballia,Rasda,Masur Dal,Kala Masoor New,FAQ,8020,8175,8100,17-Jan-25
670,Ballia,Rasda,Masur Dal,Kala Masoor New,FAQ,8030,8120,8090,16-Jan-25
671,Ballia,Rasda,Masur Dal,Kala Masoor New,FAQ,8040,8190,8110,13-Jan-25
672,Ballia,Rasda,Masur Dal,Kala Masoor New,FAQ,8050,8200,8120,09-Jan-25
673,Ballia,Rasda,Masur Dal,Kala Masoor New,FAQ,8050,8210,8120,14-Jan-25
674,Ballia,Rasda,Masur Dal,Kala Masoor New,FAQ,8060,8220,8155,02-Jan-25
675,Ballia,Rasda,Masur Dal,Kala Masoor New,FAQ,8060,8225,8150,03-Jan-25
676,Ballia,Rasda,Masur Dal,Kala Masoor New,FAQ,8065,8200,8125,08-Jan-25
677,Ballia,Rasda,Masur Dal,Kala Masoor New,FAQ,8080,8210,8150,23-Jan-25
678,Ballia,Rasda,Masur Dal,Kala Masoor New,FAQ,8080,8210,8155,24-Jan-25
679,Ballia,Rasda,Masur Dal,Kala Masoor New,FAQ,8080,8210,8160,25-Jan-25
680,Ballia,Rasda,Masur Dal,Kala Masoor New,FAQ,8080,8225,8145,04-Jan-25
681,Ballia,Rasda,Masur Dal,Kala Masoor New,FAQ,8080,8225,8150,29-Jan-25
682,Ballia,Rasda,Masur Dal,Kala Masoor New,FAQ,8100,8210,8155,27-Jan-25
683,Ballia,Rasda,Masur Dal,Kala Masoor New,FAQ,8100,8225,8160,28-Jan-25
684,Ballia,Rasda,Masur Dal,Kala Masoor New,FAQ,8120,8225,8170,30-Jan-25
685,Ballia,Rasda,Masur Dal,Kala Masoor New,FAQ,8125,8210,8165,01-Jan-25
686,Saharanpur,Saharanpur,Masur Dal,Masur Dal,FAQ,7900,8300,8100,31-Jan-25
687,Shamli,Shamli,Masur Dal,Masur Dal,FAQ,8050,8150,8100,31-Jan-25
688,Shamli,Shamli,Masur Dal,Masur Dal,FAQ,8060,8140,8100,30-Jan-25
689,Shamli,Shamli,Masur Dal,Masur Dal,FAQ,8100,8200,8150,01-Feb-25
690,Shamli,Shamli,Masur Dal,Masur Dal,FAQ,8140,8200,8170,27-Jan-25
691,Shamli,Shamli,Masur Dal,Masur Dal,FAQ,8150,8250,8200,22-Jan-25
692,Shamli,Shamli,Masur Dal,Masur Dal,FAQ,8150,8250,8200,24-Jan-25
693,Shamli,Shamli,Masur Dal,Masur Dal,FAQ,8150,8250,8200,29-Jan-25
694,Shamli,Shamli,Masur Dal,Masur Dal,FAQ,8160,8240,8200,25-Jan-25
695,Shamli,Shamli,Masur Dal,Masur Dal,FAQ,8160,8240,8200,28-Jan-25
696,Shamli,Shamli,Masur Dal,Masur Dal,FAQ,8175,8275,8225,23-Jan-25
697,Shamli,Shamli,Masur Dal,Masur Dal,FAQ,8200,8300,8250,01-Jan-25
698,Shamli,Shamli,Masur Dal,Masur Dal,FAQ,8200,8300,8250,02-Jan-25
699,Shamli,Shamli,Masur Dal,Masur Dal,FAQ,8200,8300,8250,15-Jan-25
700,Shamli,Shamli,Masur Dal,Masur Dal,FAQ,8200,8300,8250,16-Jan-25
701,Shamli,Shamli,Masur Dal,Masur Dal,FAQ,8200,8300,8250,17-Jan-25
702,Shamli,Shamli,Masur Dal,Masur Dal,FAQ,8200,8300,8250,18-Jan-25
703,Shamli,Shamli,Masur Dal,Masur Dal,FAQ,8200,8300,8250,21-Jan-25
704,Shamli,Shamli,Masur Dal,Masur Dal,FAQ,8225,8325,8275,14-Jan-25
705,Shamli,Shamli,Masur Dal,Masur Dal,FAQ,8250,8320,8280,20-Jan-25
706,Shamli,Shamli,Masur Dal,Masur Dal,FAQ,8250,8340,8300,08-Jan-25
707,Shamli,Shamli,Masur Dal,Masur Dal,FAQ,8250,8350,8300,03-Jan-25
708,Shamli,Shamli,Masur Dal,Masur Dal,FAQ,8250,8350,8300,04-Jan-25
709,Shamli,Shamli,Masur Dal,Masur Dal,FAQ,8250,8350,8300,07-Jan-25
710,Shamli,Shamli,Masur Dal,Masur Dal,FAQ,8250,8350,8300,09-Jan-25
711,Shamli,Shamli,Masur Dal,Masur Dal,FAQ,8250,8350,8300,10-Jan-25
712,Shamli,Shamli,Masur Dal,Masur Dal,FAQ,8250,8350,8300,11-Jan-25
713,Shamli,Shamli,Masur Dal,Masur Dal,FAQ,8250,8350,8300,13-Jan-25
714,Shamli,Shamli,Masur Dal,Masur Dal,FAQ,8260,8340,8300,06-Jan-25
715,Darjeeling,Siliguri,Masur Dal,Masur Dal,FAQ,9800,10000,9900,02-Jan-25
716,Darjeeling,Siliguri,Masur Dal,Masur Dal,FAQ,9800,10000,9900,03-Jan-25
717,Darjeeling,Siliguri,Masur Dal,Masur Dal,FAQ,9800,10000,9900,04-Jan-25
718,Darjeeling,Siliguri,Masur Dal,Masur Dal,FAQ,9800,10000,9900,05-Jan-25
719,Darjeeling,Siliguri,Masur Dal,Masur Dal,FAQ,9800,10000,9900,06-Jan-25
720,Darjeeling,Siliguri,Masur Dal,Masur Dal,FAQ,9800,10000,9900,07-Jan-25
721,Darjeeling,Siliguri,Masur Dal,Masur Dal,FAQ,9800,10000,9900,08-Jan-25
722,Darjeeling,Siliguri,Masur Dal,Masur Dal,FAQ,9800,10000,9900,09-Jan-25
723,Darjeeling,Siliguri,Masur Dal,Masur Dal,FAQ,9800,10000,9900,10-Jan-25
724,Darjeeling,Siliguri,Masur Dal,Masur Dal,FAQ,9800,10000,9900,11-Jan-25
725,Darjeeling,Siliguri,Masur Dal,Masur Dal,FAQ,9800,10000,9900,12-Jan-25
726,Darjeeling,Siliguri,Masur Dal,Masur Dal,FAQ,9800,10000,9900,13-Jan-25
727,Darjeeling,Siliguri,Masur Dal,Masur Dal,FAQ,9800,10000,9900,14-Jan-25
728,Darjeeling,Siliguri,Masur Dal,Masur Dal,FAQ,9800,10000,9900,15-Jan-25
729,Darjeeling,Siliguri,Masur Dal,Masur Dal,FAQ,9800,10000,9900,16-Jan-25
730,Darjeeling,Siliguri,Masur Dal,Masur Dal,FAQ,9800,10000,9900,17-Jan-25
731,Darjeeling,Siliguri,Masur Dal,Masur Dal,FAQ,9800,10000,9900,18-Jan-25
732,Darjeeling,Siliguri,Masur Dal,Masur Dal,FAQ,9800,10000,9900,19-Jan-25
733,Darjeeling,Siliguri,Masur Dal,Masur Dal,FAQ,9800,10000,9900,20-Jan-25
734,Darjeeling,Siliguri,Masur Dal,Masur Dal,FAQ,9800,10000,9900,21-Jan-25
735,Darjeeling,Siliguri,Masur Dal,Masur Dal,FAQ,9800,10000,9900,22-Jan-25
736,Darjeeling,Siliguri,Masur Dal,Masur Dal,FAQ,9800,10000,9900,23-Jan-25
737,Darjeeling,Siliguri,Masur Dal,Masur Dal,FAQ,10100,10300,10200,01-Feb-25
738,Darjeeling,Siliguri,Masur Dal,Masur Dal,FAQ,10100,10300,10200,24-Jan-25
739,Darjeeling,Siliguri,Masur Dal,Masur Dal,FAQ,10100,10300,10200,25-Jan-25
740,Darjeeling,Siliguri,Masur Dal,Masur Dal,FAQ,10100,10300,10200,26-Jan-25
741,Darjeeling,Siliguri,Masur Dal,Masur Dal,FAQ,10100,10300,10200,27-Jan-25
742,Darjeeling,Siliguri,Masur Dal,Masur Dal,FAQ,10100,10300,10200,28-Jan-25
743,Darjeeling,Siliguri,Masur Dal,Masur Dal,FAQ,10100,10300,10200,29-Jan-25
744,Darjeeling,Siliguri,Masur Dal,Masur Dal,FAQ,10100,10300,10200,30-Jan-25
745,Darjeeling,Siliguri,Masur Dal,Masur Dal,FAQ,10100,10300,10200,31-Jan-25
746,Thoubal,Thoubal,Masur Dal,Masur Dal,FAQ,9500,10000,9750,03-Jan-25
747,Thoubal,Thoubal,Masur Dal,Masur Dal,FAQ,9500,10000,9750,06-Jan-25
748,Thoubal,Thoubal,Masur Dal,Masur Dal,FAQ,9500,10000,9750,07-Jan-25
749,Thoubal,Thoubal,Masur Dal,Masur Dal,FAQ,9500,10000,9750,08-Jan-25
750,Thoubal,Thoubal,Masur Dal,Masur Dal,FAQ,9500,10000,9750,10-Jan-25
751,Thoubal,Thoubal,Masur Dal,Masur Dal,FAQ,9500,10000,9750,13-Jan-25
752,Thoubal,Thoubal,Masur Dal,Masur Dal,FAQ,9500,10000,9750,14-Jan-25
753,Thoubal,Thoubal,Masur Dal,Masur Dal,FAQ,9500,10000,9750,15-Jan-25
754,Thoubal,Thoubal,Masur Dal,Masur Dal,FAQ,9500,10000,9750,16-Jan-25
755,Thoubal,Thoubal,Masur Dal,Masur Dal,FAQ,9500,10000,9750,17-Jan-25
756,Thoubal,Thoubal,Masur Dal,Masur Dal,FAQ,9500,10000,9750,21-Jan-25
757,Thoubal,Thoubal,Masur Dal,Masur Dal,FAQ,9500,10000,9750,22-Jan-25
758,Thoubal,Thoubal,Masur Dal,Masur Dal,FAQ,9500,10000,9750,23-Jan-25
759,Thoubal,Thoubal,Masur Dal,Masur Dal,FAQ,9500,10000,9750,24-Jan-25
760,Thoubal,Thoubal,Masur Dal,Masur Dal,FAQ,9500,10000,9750,27-Jan-25
761,Thoubal,Thoubal,Masur Dal,Masur Dal,FAQ,9500,10000,9750,28-Jan-25
762,Thoubal,Thoubal,Masur Dal,Masur Dal,FAQ,9500,10000,9750,29-Jan-25
763,Thoubal,Thoubal,Masur Dal,Masur Dal,FAQ,9500,10000,9750,31-Jan-25
764,Varanasi,Varanasi,Masur Dal,Masur Dal,FAQ,8040,8175,8100,09-Jan-25
765,Varanasi,Varanasi,Masur Dal,Masur Dal,FAQ,8050,8145,8100,08-Jan-25
766,Varanasi,Varanasi,Masur Dal,Masur Dal,FAQ,8050,8175,8125,10-Jan-25
767,Varanasi,Varanasi,Masur Dal,Masur Dal,FAQ,8050,8200,8150,16-Jan-25
768,Varanasi,Varanasi,Masur Dal,Masur Dal,FAQ,8050,8235,8150,02-Jan-25
769,Varanasi,Varanasi,Masur Dal,Masur Dal,FAQ,8065,8150,8100,30-Jan-25
770,Varanasi,Varanasi,Masur Dal,Masur Dal,FAQ,8065,8170,8120,13-Jan-25
771,Varanasi,Varanasi,Masur Dal,Masur Dal,FAQ,8065,8175,8120,04-Jan-25
772,Varanasi,Varanasi,Masur Dal,Masur Dal,FAQ,8065,8190,8130,01-Feb-25
773,Varanasi,Varanasi,Masur Dal,Masur Dal,FAQ,8065,8250,8170,27-Jan-25
774,Varanasi,Varanasi,Masur Dal,Masur Dal,FAQ,8070,8165,8135,15-Jan-25
775,Varanasi,Varanasi,Masur Dal,Masur Dal,FAQ,8070,8185,8125,14-Jan-25
776,Varanasi,Varanasi,Masur Dal,Masur Dal,FAQ,8070,8200,8125,31-Jan-25
777,Varanasi,Varanasi,Masur Dal,Masur Dal,FAQ,8075,8190,8130,06-Jan-25
778,Varanasi,Varanasi,Masur Dal,Masur Dal,FAQ,8090,8200,8165,20-Jan-25
779,Varanasi,Varanasi,Masur Dal,Masur Dal,FAQ,8120,8250,8165,17-Jan-25
780,Varanasi,Varanasi,Masur Dal,Masur Dal,FAQ,8120,8265,8170,18-Jan-25
781,Varanasi,Varanasi,Masur Dal,Masur Dal,FAQ,8125,8235,8165,28-Jan-25
782,Varanasi,Varanasi,Masur Dal,Masur Dal,FAQ,8125,8250,8170,21-Jan-25
783,Varanasi,Varanasi,Masur Dal,Masur Dal,FAQ,8125,8250,8180,24-Jan-25
784,Varanasi,Varanasi,Masur Dal,Masur Dal,FAQ,8135,8265,8175,22-Jan-25
785,Varanasi,Varanasi,Masur Dal,Masur Dal,FAQ,8140,8250,8175,03-Jan-25
